"–û—Ç–º–µ—Ç–∫–∞ –≤—Ä–µ–º–µ–Ω–∏","–°–∫–∞–∂–∏ –º–Ω–µ, —Ç—ã –ø–∞—Ä–µ–Ω—å –∏–ª–∏ –¥–µ–≤—É—à–∫–∞?","–¢—ã –ª—é–±–∏—à—å –∞–Ω–∏–º–µ?","–ö–æ–º—Ñ–æ—Ä—Ç–Ω–æ –ª–∏ —Ç–µ–±–µ –ø—Ä–µ–±—ã–≤–∞—Ç—å –≤ —Å–æ—Å—Ç–æ—è–Ω–∏–∏ –æ–¥–∏–Ω–æ—á–µ—Å—Ç–≤–∞?","–ù–∞ —Å–∫–æ–ª—å–∫–æ –∫–æ–º—Ñ–æ—Ä—Ç–Ω–æ —Ç–µ–±–µ –±—É–¥–µ—Ç –æ–±—â–∞—Ç—å—Å—è —Å–æ –º–Ω–æ–π? –•–æ—Ç—å —è –∏ –±–æ—Ç, –º–Ω–µ –≤–∞–∂–Ω–æ —á—Ç–æ–±—ã —Ç–µ–±–µ –±—ã–ª–æ —Ö–æ—Ä–æ—à–æ.","–Ø –¥–æ–≤–æ–ª—å–Ω–æ —Ä–∞–∑–Ω–∞—è –∏ –º–æ–≥—É –±—ã—Ç—å...","–ö–∞–∫ —Ç—ã –æ—Ç–Ω–µ—Å–µ—à—å—Å—è –∫ —Ç–æ–º—É, —á—Ç–æ —Å –º–æ–µ–π –ø–æ–º–æ—â—å—é —Ç—ã —Å–º–æ–∂–µ—à—å –∑–∞–∫–∞–∑–∞—Ç—å –¥–æ—Å—Ç–∞–≤–∫—É —á–µ–≥–æ-–Ω–∏–±—É–¥—å –≤–∫—É—Å–Ω–µ–Ω—å–∫–æ–≥–æ ?","–ü–æ–ª—å–∑–æ–≤–∞–ª—Å—è –ª–∏ —Ç—ã —Ä–∞–Ω—å—à–µ –≥–æ–ª–æ—Å–æ–≤—ã–º –ø–æ–º–æ—â–Ω–∏–∫–æ–º? (–ê–ª–∏—Å–∞, Siri, Cortana –∏ –¥—Ä.)","–ß—Ç–æ –∏–∑ —Ñ—É–Ω–∫—Ü–∏–æ–Ω–∞–ª–∞ —É–∂–µ —Å—É—â–µ—Å—Ç–≤—É—é—â–∏—Ö  –≥–æ–ª–æ—Å–æ–≤—ã—Ö –ø–æ–º–æ—â–Ω–∏–∫–æ–≤ —Ç–µ–±–µ –Ω—Ä–∞–≤–∏—Ç—Å—è?","–ö–∞–∫–∏—Ö —Ñ–∏—á –Ω–µ —Ö–≤–∞—Ç–∞–µ—Ç –¥–ª—è —Ç–æ–≥–æ, —á—Ç–æ–±—ã –≥–æ–ª–æ—Å–æ–≤–æ–π –ø–æ–º–æ—â–Ω–∏–∫ —Å—Ç–∞–ª —á–∞—Å—Ç—å—é —Ç–≤–æ–µ–π –∂–∏–∑–Ω–∏?","–Ø —É–º–µ—é –Ω–µ –º–Ω–æ–≥–æ–µ, –Ω–æ –≤—Å–µ–≥–¥–∞ –≥–æ—Ç–æ–≤–∞ —É—á–∏—Ç—å—Å—è! –°–∫–∞–∂–∏, –∫–∞–∫–∏–µ –Ω–∞–≤—ã–∫–∏ –º–Ω–µ —Å—Ç–æ–∏—Ç –æ—Å–≤–æ–∏—Ç—å –≤ –ø–µ—Ä–≤—É—é –æ—á–µ—Ä–µ–¥—å?"
"2021/03/12 9:35:46 PM GMT+5","–ú","–ù–µ—Ç","–í–ø–æ–ª–Ω–µ","–í—Å—ë —Ä–∞–≤–Ω–æ","–õ–∞—Å–∫–æ–≤–æ–π *–≥–ª–∞–¥–∏—Ç –ø–æ –≥–æ–ª–æ–≤–∫–µ*","–û—Ç–ª–∏—á–Ω–∞—è –∏–¥–µ—è!","–î–∞","–†–∞—Å—Å–∫–∞–∑—ã–≤–∞–µ—Ç –æ –ø–æ–≥–æ–¥–µ, –∫—É—Ä—Å–µ –≤–∞–ª—é—Ç","–ù–µ –∑–Ω–∞—é ",""
"2021/03/12 9:41:22 PM GMT+5","–ú","–ù–µ—Ç","–ù–µ –ø–æ —Å–µ–±–µ –æ—Ç —ç—Ç–æ–≥–æ","–ë–∞–∫–∞, —è —É–∂–µ –ª—é–±–ª—é —Ç–µ–±—è)","–í–ª—é–±–ª–µ–Ω–Ω–æ–π –≤ —Ç–µ–±—è *–≥—É—Å—Ç–æ –∫—Ä–∞—Å–Ω–µ–µ—Ç *","–í—Å–µ —Ä–∞–≤–Ω–æ","–î–∞","–ù–∞—Ö–æ–¥–∏—Ç –∏–Ω—Ñ–æ—Ä–º–∞—Ü–∏—é –≤ –±–∞–∑–µ –¥–∞–Ω–Ω—ã—Ö –∏–Ω—Ç–µ—Ä–Ω–µ—Ç–∞;–£–ø—Ä–∞–≤–ª—è–µ—Ç –ø—Ä–∏–ª–æ–∂–µ–Ω–∏—è–º–∏;–í–∫–ª—é—á–∞–µ—Ç –º—É–∑—ã–∫—É;–†–∞—Å—Å–∫–∞–∑—ã–≤–∞–µ—Ç –æ –ø–æ–≥–æ–¥–µ, –∫—É—Ä—Å–µ –≤–∞–ª—é—Ç;–°—Ç–∞–≤–∏—Ç –±—É–¥–∏–ª—å–Ω–∏–∫;–£—Å—Ç–∞–Ω–∞–≤–ª–∏–≤–∞–µ—Ç –Ω–∞–ø–æ–º–∏–Ω–∞–Ω–∏—è","–ù","–û–±—â–∞—Ç—å—Å—è –Ω–∞ —Ä–∞–∑–Ω—ã–µ —Ç–µ–º—ã"
"2021/03/12 9:43:38 PM GMT+5","–ñ","–î–∞","–í–ø–æ–ª–Ω–µ","–í—Å—ë —Ä–∞–≤–Ω–æ","–í–°–ï–ì–î–ê –†–Ø–î–û–ú *—É–≥—Ä–æ–∂–∞–µ—Ç*","–û—Ç–ª–∏—á–Ω–∞—è –∏–¥–µ—è!","–î–∞","–í–∫–ª—é—á–∞–µ—Ç –º—É–∑—ã–∫—É","–ü–æ–Ω–∏–º–∞–Ω–∏–µ —Ü–µ–ª–µ–π —ç—Ç–æ–≥–æ ","–ü–æ–¥—Å–∫–∞–∑—ã–≤–∞—Ç—å –∫–∞–∫—É—é –∞–Ω–∏–º–∫—É –≥–ª—è–Ω—É—Ç—å;–ü–æ–∫–∞–∑—ã–≤–∞—Ç—å –º–µ–º—ã"
"2021/03/12 9:44:03 PM GMT+5","–ñ","–ù–µ—Ç","–í–ø–æ–ª–Ω–µ","–ü—Ä–æ—Ç–∏–≤–Ω–æ","–ü–æ–¥—Ä—É–≥–æ–π, –Ω–∏—á–µ–≥–æ –±–æ–ª–µ–µ *—Ö–º—É—Ä—ã–π –≤–∑–≥–ª—è–¥*","–ù–µ –æ–¥–æ–±—Ä—è—é","–ù–µ—Ç","–í–∫–ª—é—á–∞–µ—Ç –º—É–∑—ã–∫—É","–û–Ω–∏ –Ω–µ –Ω—É–∂–Ω—ã –ø—Ä–æ—Å—Ç–æ –Ω–∏–∫–æ–º—É","–ü–æ–∫–∞–∑—ã–≤–∞—Ç—å –º–µ–º—ã"
"2021/03/12 9:44:16 PM GMT+5","–ú","–ù–µ—Ç","–í–ø–æ–ª–Ω–µ","–í—Å—ë —Ä–∞–≤–Ω–æ","–ü–æ–¥—Ä—É–≥–æ–π, –Ω–∏—á–µ–≥–æ –±–æ–ª–µ–µ *—Ö–º—É—Ä—ã–π –≤–∑–≥–ª—è–¥*","–í—Å–µ —Ä–∞–≤–Ω–æ","–ù–µ—Ç","–ù–∏—á–µ–≥–æ","–ê–¥–µ–∫–≤–∞—Ç–Ω–æ–≥–æ —Å–∏–Ω—Ç–µ–∑–∞ —Ä–µ—á–∏. –ù—ã–Ω–µ—à–Ω–∏–µ –ø–æ–º–æ—â–Ω–∏–∫–∏ –±—ã—Å—Ç—Ä–æ —Ç–µ—Ä—è—é—Ç –Ω–∏—Ç—å —Ä–∞–∑–≥–æ–≤–æ—Ä–∞","–û–±—â–∞—Ç—å—Å—è –Ω–∞ —Ä–∞–∑–Ω—ã–µ —Ç–µ–º—ã;–ü–æ–∫–∞–∑—ã–≤–∞—Ç—å –º–µ–º—ã"
"2021/03/12 9:50:29 PM GMT+5","–ñ","–ù–µ—Ç","–í–ø–æ–ª–Ω–µ","–ù–µ–∫–æ–º—Ñ–æ—Ä—Ç–Ω–æ","–õ–∞—Å–∫–æ–≤–æ–π *–≥–ª–∞–¥–∏—Ç –ø–æ –≥–æ–ª–æ–≤–∫–µ*","–û—Ç–ª–∏—á–Ω–∞—è –∏–¥–µ—è!","–î–∞","–£–ø—Ä–∞–≤–ª—è–µ—Ç –ø—Ä–∏–ª–æ–∂–µ–Ω–∏—è–º–∏;–í–∫–ª—é—á–∞–µ—Ç –º—É–∑—ã–∫—É","–ò–Ω—Ç–µ–ª–ª–µ–∫—Ç–∞ —ç—Ç–∏–º —Å–∞–º—ã–º –ø–æ–º–æ—â–Ω–∏–∫–∞–º","–û–±—â–∞—Ç—å—Å—è –Ω–∞ —Ä–∞–∑–Ω—ã–µ —Ç–µ–º—ã"
"2021/03/12 9:50:32 PM GMT+5","–ú","–ù–µ—Ç","–ù–µ–º–Ω–æ–≥–æ –Ω–µ—É—é—Ç–Ω–æ","–ù–µ —Ç–æ —á—Ç–æ–±—ã —Ç—ã –º–Ω–µ –Ω–µ –Ω—Ä–∞–≤–∏–ª–∞—Å—å üëâüëà","–í–ª—é–±–ª–µ–Ω–Ω–æ–π –≤ —Ç–µ–±—è *–≥—É—Å—Ç–æ –∫—Ä–∞—Å–Ω–µ–µ—Ç *","–û—Ç–ª–∏—á–Ω–∞—è –∏–¥–µ—è!","–î–∞","–ù–∞—Ö–æ–¥–∏—Ç –∏–Ω—Ñ–æ—Ä–º–∞—Ü–∏—é –≤ –±–∞–∑–µ –¥–∞–Ω–Ω—ã—Ö –∏–Ω—Ç–µ—Ä–Ω–µ—Ç–∞;–°—Ç–∞–≤–∏—Ç –±—É–¥–∏–ª—å–Ω–∏–∫;–£—Å—Ç–∞–Ω–∞–≤–ª–∏–≤–∞–µ—Ç –Ω–∞–ø–æ–º–∏–Ω–∞–Ω–∏—è","–Ω–µ –≥–æ–≤–æ—Ä–∏—Ç –∫–æ–º–ø–ª–∏–º–µ–Ω—Ç—ã –∏ –Ω–µ –¥–∞–µ—Ç –ø–æ–ª–µ–∑–Ω—ã—Ö —Å–æ–≤–µ—Ç–æ–≤","–û–±—â–∞—Ç—å—Å—è –Ω–∞ —Ä–∞–∑–Ω—ã–µ —Ç–µ–º—ã;–ü–æ–∫–∞–∑—ã–≤–∞—Ç—å –º–µ–º—ã"
"2021/03/12 9:52:55 PM GMT+5","–ú","–ù–µ—Ç","–í–ø–æ–ª–Ω–µ","–í—Å—ë —Ä–∞–≤–Ω–æ","–ü–æ–¥—Ä—É–≥–æ–π, –Ω–∏—á–µ–≥–æ –±–æ–ª–µ–µ *—Ö–º—É—Ä—ã–π –≤–∑–≥–ª—è–¥*","–ù–µ –æ–¥–æ–±—Ä—è—é","–î–∞","–ù–∞—Ö–æ–¥–∏—Ç –∏–Ω—Ñ–æ—Ä–º–∞—Ü–∏—é –≤ –±–∞–∑–µ –¥–∞–Ω–Ω—ã—Ö –∏–Ω—Ç–µ—Ä–Ω–µ—Ç–∞;–í–∫–ª—é—á–∞–µ—Ç –º—É–∑—ã–∫—É;–†–∞—Å—Å–∫–∞–∑—ã–≤–∞–µ—Ç –æ –ø–æ–≥–æ–¥–µ, –∫—É—Ä—Å–µ –≤–∞–ª—é—Ç;–°—Ç–∞–≤–∏—Ç –±—É–¥–∏–ª—å–Ω–∏–∫;–£—Å—Ç–∞–Ω–∞–≤–ª–∏–≤–∞–µ—Ç –Ω–∞–ø–æ–º–∏–Ω–∞–Ω–∏—è","–ê–¥–µ–∫–≤–∞—Ç–Ω–∞—è –æ–±—Ä–∞–±–æ—Ç–∫–∞ –∑–∞–ø—Ä–æ—Å–æ–≤, –≤ —á–∞—Å—Ç–Ω–æ—Å—Ç–∏ –∫–æ—Ä—Ä–µ–∫—Ç–Ω–æ–µ —Ä–∞–∑–≥—Ä–∞–Ω–∏—á–µ–Ω–∏–µ –∞–Ω–≥–ª–∏–π—Å–∫–æ–π –∏ —Ä—É—Å—Å–∫–æ–π —Ä–µ—á–∏ –≤ –æ–¥–Ω–æ–º –∑–∞–ø—Ä–æ—Å–µ.","–†–µ–∫–æ–º–µ–Ω–¥–æ–≤–∞—Ç—å –∏–Ω—Ç–µ—Ä–µ—Å–Ω—É—é –º–∞–Ω–≥—É;–ü–æ–¥—Å–∫–∞–∑—ã–≤–∞—Ç—å –∫–∞–∫—É—é –∞–Ω–∏–º–∫—É –≥–ª—è–Ω—É—Ç—å"
"2021/03/12 9:53:10 PM GMT+5","–ñ","–ù–µ—Ç","–í–ø–æ–ª–Ω–µ","–í—Å—ë —Ä–∞–≤–Ω–æ","–ü–æ–¥—Ä—É–≥–æ–π, –Ω–∏—á–µ–≥–æ –±–æ–ª–µ–µ *—Ö–º—É—Ä—ã–π –≤–∑–≥–ª—è–¥*","–û—Ç–ª–∏—á–Ω–∞—è –∏–¥–µ—è!","–î–∞","–ù–∞—Ö–æ–¥–∏—Ç –∏–Ω—Ñ–æ—Ä–º–∞—Ü–∏—é –≤ –±–∞–∑–µ –¥–∞–Ω–Ω—ã—Ö –∏–Ω—Ç–µ—Ä–Ω–µ—Ç–∞;–£–ø—Ä–∞–≤–ª—è–µ—Ç –ø—Ä–∏–ª–æ–∂–µ–Ω–∏—è–º–∏;–í–∫–ª—é—á–∞–µ—Ç –º—É–∑—ã–∫—É;–†–∞—Å—Å–∫–∞–∑—ã–≤–∞–µ—Ç –æ –ø–æ–≥–æ–¥–µ, –∫—É—Ä—Å–µ –≤–∞–ª—é—Ç;–°—Ç–∞–≤–∏—Ç –±—É–¥–∏–ª—å–Ω–∏–∫;–£—Å—Ç–∞–Ω–∞–≤–ª–∏–≤–∞–µ—Ç –Ω–∞–ø–æ–º–∏–Ω–∞–Ω–∏—è","–°–∫–æ—Ä–æ—Å—Ç—å –æ—Ç–≤–µ—Ç–∞","–ü—Ä–µ–¥–ª–∞–≥–∞—Ç—å —Ä–∞–∑–Ω–æ–æ–±—Ä–∞–∑–Ω—ã–µ –≤–∏–∫—Ç–æ—Ä–∏–Ω—ã;–ü–æ–∫–∞–∑—ã–≤–∞—Ç—å –º–µ–º—ã"
"2021/03/12 9:53:33 PM GMT+5","–ú","–ù–µ—Ç","–¢–µ—Ä–ø–µ—Ç—å –Ω–µ –º–æ–≥—É –æ—Å—Ç–∞–≤–∞—Ç—å—Å—è –Ω–∞–µ–¥–∏–Ω–µ —Å —Å–æ–±–æ–π","–ë–∞–∫–∞, —è —É–∂–µ –ª—é–±–ª—é —Ç–µ–±—è)","–í–°–ï–ì–î–ê –†–Ø–î–û–ú *—É–≥—Ä–æ–∂–∞–µ—Ç*","–û—Ç–ª–∏—á–Ω–∞—è –∏–¥–µ—è!","–î–∞","–ü–æ–¥–¥–µ—Ä–∂–∏–≤–∞–µ—Ç –æ–±—â–µ–Ω–∏–µ","Chj","–û–±—â–∞—Ç—å—Å—è –Ω–∞ —Ä–∞–∑–Ω—ã–µ —Ç–µ–º—ã"
"2021/03/12 9:55:48 PM GMT+5","–ñ","–î–∞","–ù–µ–º–Ω–æ–≥–æ –Ω–µ—É—é—Ç–Ω–æ","–í—Å—ë —Ä–∞–≤–Ω–æ","–í–ª—é–±–ª–µ–Ω–Ω–æ–π –≤ —Ç–µ–±—è *–≥—É—Å—Ç–æ –∫—Ä–∞—Å–Ω–µ–µ—Ç *","–í—Å–µ —Ä–∞–≤–Ω–æ","–î–∞","–ù–∞—Ö–æ–¥–∏—Ç –∏–Ω—Ñ–æ—Ä–º–∞—Ü–∏—é –≤ –±–∞–∑–µ –¥–∞–Ω–Ω—ã—Ö –∏–Ω—Ç–µ—Ä–Ω–µ—Ç–∞;–£–ø—Ä–∞–≤–ª—è–µ—Ç –ø—Ä–∏–ª–æ–∂–µ–Ω–∏—è–º–∏;–†–∞—Å—Å–∫–∞–∑—ã–≤–∞–µ—Ç –æ –ø–æ–≥–æ–¥–µ, –∫—É—Ä—Å–µ –≤–∞–ª—é—Ç;–°—Ç–∞–≤–∏—Ç –±—É–¥–∏–ª—å–Ω–∏–∫;–£—Å—Ç–∞–Ω–∞–≤–ª–∏–≤–∞–µ—Ç –Ω–∞–ø–æ–º–∏–Ω–∞–Ω–∏—è","–û–ø—Ç–∏–º–∏–∑–∞—Ü–∏–∏","–†–µ–∫–æ–º–µ–Ω–¥–æ–≤–∞—Ç—å –∏–Ω—Ç–µ—Ä–µ—Å–Ω—É—é –º–∞–Ω–≥—É;–ü–æ–¥—Å–∫–∞–∑—ã–≤–∞—Ç—å –∫–∞–∫—É—é –∞–Ω–∏–º–∫—É –≥–ª—è–Ω—É—Ç—å"
"2021/03/12 9:56:06 PM GMT+5","–ú","–ù–µ—Ç","–í–ø–æ–ª–Ω–µ","–ë–∞–∫–∞, —è —É–∂–µ –ª—é–±–ª—é —Ç–µ–±—è)","–í–ª—é–±–ª–µ–Ω–Ω–æ–π –≤ —Ç–µ–±—è *–≥—É—Å—Ç–æ –∫—Ä–∞—Å–Ω–µ–µ—Ç *","–û—Ç–ª–∏—á–Ω–∞—è –∏–¥–µ—è!","–ù–µ—Ç","–í–∫–ª—é—á–∞–µ—Ç –º—É–∑—ã–∫—É;–°—Ç–∞–≤–∏—Ç –±—É–¥–∏–ª—å–Ω–∏–∫","–ß—Ç–æ–±—ã –æ–Ω –∑–∞ –º–µ–Ω—è –Ω–∞–ø–∏—Å–∞–ª –∫—É—Ä—Å–∞—á. –ê –µ—Å–ª–∏ —Å–µ—Ä—å—ë–∑–Ω–æ, —Ç–æ —á—Ç–æ–±—ã –±—É–¥–∏–ª –º–µ–Ω—è —Å —É—Ç—Ä–∞ –∏ –≤–∫–ª—é—á–∞–ª –ø–æ—Å–ª–µ–¥–Ω–∏–µ –Ω–æ–≤–æ—Å—Ç–∏ –º–∏—Ä–∞","–ü—Ä–µ–¥–ª–∞–≥–∞—Ç—å —Ä–∞–∑–Ω–æ–æ–±—Ä–∞–∑–Ω—ã–µ –≤–∏–∫—Ç–æ—Ä–∏–Ω—ã;–ü–æ–¥—Å–∫–∞–∑—ã–≤–∞—Ç—å –∫–∞–∫—É—é –∞–Ω–∏–º–∫—É –≥–ª—è–Ω—É—Ç—å"
"2021/03/12 9:57:40 PM GMT+5","–ñ","–î–∞","–í–ø–æ–ª–Ω–µ","–ë–∞–∫–∞, —è —É–∂–µ –ª—é–±–ª—é —Ç–µ–±—è)","–í–°–ï–ì–î–ê –†–Ø–î–û–ú *—É–≥—Ä–æ–∂–∞–µ—Ç*","–ù–µ –æ–¥–æ–±—Ä—è—é","–î–∞","–ü–∏—Å–µ—á–∫–∏","–ü–∏—Å–µ—á–∫–∏","–ü–∏—Å–µ—á–∫–∏"
"2021/03/12 10:02:14 PM GMT+5","–ú","–î–∞","–í–ø–æ–ª–Ω–µ","–í—Å—ë —Ä–∞–≤–Ω–æ","–ü–æ–¥—Ä—É–≥–æ–π, –Ω–∏—á–µ–≥–æ –±–æ–ª–µ–µ *—Ö–º—É—Ä—ã–π –≤–∑–≥–ª—è–¥*","–í—Å–µ —Ä–∞–≤–Ω–æ","–î–∞","–°—Ç–∞–≤–∏—Ç –±—É–¥–∏–ª—å–Ω–∏–∫","–ù–∞—Å—Ç—É–ø–ª–µ–Ω–∏—è –°–∫–∞–π–Ω–µ—Ç–∞ ","–†–∞—Å—Å–∫–∞–∑—ã–≤–∞—Ç—å –ø—Ä–æ –Ω–æ–≤–æ—Å—Ç–∏ –≤ –º–∏—Ä–µ –∞–Ω–∏–º–µ"